{"cameraMode":{"drawMode":0,"name":"Shaded","section":"Shading Mode"},"sceneLighting":true,"audioPlay":false,"sceneViewState":{"showFog":true,"showMaterialUpdate":false,"showSkybox":true,"showFlares":true,"showImageEffects":true,"showParticleSystems":true},"in2DMode":false,"pivot":{"x":13.213447570800782,"y":3.9458236694335939,"z":5.321573734283447},"rotation":{"x":0.1070551872253418,"y":-0.4262486696243286,"z":0.050883591175079349,"w":0.8968065977096558},"size":10.0,"orthographic":false}