{"cameraMode":{"drawMode":0,"name":"Shaded","section":"Shading Mode"},"sceneLighting":true,"audioPlay":false,"sceneViewState":{"showFog":true,"showMaterialUpdate":false,"showSkybox":true,"showFlares":true,"showImageEffects":true,"showParticleSystems":true},"in2DMode":false,"pivot":{"x":-48.101444244384769,"y":13.758795738220215,"z":54.256195068359378},"rotation":{"x":0.13114921748638154,"y":0.6514345407485962,"z":-0.11572303622961045,"w":0.7382689714431763},"size":10.0,"orthographic":false}