{"cameraMode":{"drawMode":0,"name":"Shaded","section":"Shading Mode"},"sceneLighting":true,"audioPlay":false,"sceneViewState":{"showFog":true,"showMaterialUpdate":true,"showSkybox":true,"showFlares":true,"showImageEffects":true,"showParticleSystems":true},"in2DMode":false,"pivot":{"x":-38.88850784301758,"y":6.992658615112305,"z":159.79306030273438},"rotation":{"x":0.0019460308831185103,"y":-0.8869888782501221,"z":-0.003730014432221651,"w":-0.46177172660827639},"size":16.434139251708986,"orthographic":false}