{"cameraMode":{"drawMode":1,"name":"Wireframe","section":"Shading Mode"},"sceneLighting":false,"audioPlay":false,"sceneViewState":{"showFog":true,"showMaterialUpdate":true,"showSkybox":false,"showFlares":true,"showImageEffects":true,"showParticleSystems":true},"in2DMode":false,"pivot":{"x":2.490081787109375,"y":-0.2760467529296875,"z":163.6978759765625},"rotation":{"x":0.10431120544672013,"y":-0.6929824352264404,"z":0.1023910790681839,"w":0.7059820890426636},"size":886.0167846679688,"orthographic":true}