{"cameraMode":{"drawMode":0,"name":"Shaded","section":"Shading Mode"},"sceneLighting":true,"audioPlay":false,"sceneViewState":{"showFog":true,"showMaterialUpdate":true,"showSkybox":true,"showFlares":true,"showImageEffects":true,"showParticleSystems":true},"in2DMode":false,"pivot":{"x":-3.0520241260528566,"y":2.8349428176879885,"z":-3.634650707244873},"rotation":{"x":-0.09014347195625305,"y":-0.02419833466410637,"z":0.002194619970396161,"w":-0.9956324100494385},"size":16.434139251708986,"orthographic":false}