{"cameraMode":{"drawMode":0,"name":"Shaded","section":"Shading Mode"},"sceneLighting":true,"audioPlay":false,"sceneViewState":{"showFog":true,"showMaterialUpdate":false,"showSkybox":true,"showFlares":true,"showImageEffects":true,"showParticleSystems":true},"in2DMode":false,"pivot":{"x":1.0414788722991944,"y":5.794533729553223,"z":-0.9459199905395508},"rotation":{"x":0.09694172441959381,"y":-0.04417881369590759,"z":-0.004307104740291834,"w":-0.9942997694015503},"size":10.0,"orthographic":false}