{"cameraMode":{"drawMode":0,"name":"Shaded","section":"Shading Mode"},"sceneLighting":true,"audioPlay":false,"sceneViewState":{"showFog":true,"showMaterialUpdate":false,"showSkybox":true,"showFlares":true,"showImageEffects":true,"showParticleSystems":true,"showVisualEffectGraphs":true,"m_FxEnabled":true},"in2DMode":false,"pivot":{"x":-2.5338497161865236,"y":3.222635507583618,"z":-18.351795196533204},"rotation":{"x":-0.4120408594608307,"y":0.020658381283283235,"z":-0.009622801095247269,"w":-0.9108979105949402},"size":20.22369956970215,"orthographic":false}