{"cameraMode":{"drawMode":0,"name":"Shaded","section":"Shading Mode"},"sceneLighting":false,"audioPlay":false,"sceneViewState":{"showFog":true,"showMaterialUpdate":false,"showSkybox":false,"showFlares":true,"showImageEffects":true,"showParticleSystems":true,"showVisualEffectGraphs":true,"m_FxEnabled":true},"in2DMode":false,"pivot":{"x":37.933719635009769,"y":-1.7959060668945313,"z":46.506439208984378},"rotation":{"x":0.07719568908214569,"y":0.43501466512680056,"z":-0.03723878413438797,"w":0.8963814377784729},"size":25.009998321533204,"orthographic":false}