{"cameraMode":{"drawMode":0,"name":"Shaded","section":"Shading Mode"},"sceneLighting":true,"audioPlay":false,"sceneViewState":{"showFog":true,"showMaterialUpdate":false,"showSkybox":true,"showFlares":true,"showImageEffects":true,"showParticleSystems":true},"in2DMode":false,"pivot":{"x":0.047832101583480838,"y":1.5227513313293458,"z":-0.0000017881393432617188},"rotation":{"x":-0.028668886050581933,"y":-0.32219627499580386,"z":-0.009762349538505078,"w":0.9461883306503296},"size":7.708982944488525,"orthographic":false}