{"cameraMode":{"drawMode":0,"name":"Shaded","section":"Shading Mode"},"sceneLighting":true,"audioPlay":false,"sceneViewState":{"showFog":true,"showMaterialUpdate":false,"showSkybox":true,"showFlares":true,"showImageEffects":true,"showParticleSystems":true},"in2DMode":false,"pivot":{"x":11.174342155456543,"y":5.275350570678711,"z":1.31109619140625},"rotation":{"x":-0.013721238821744919,"y":-0.4411206841468811,"z":-0.006745373364537954,"w":0.89731764793396},"size":17.504230499267579,"orthographic":false}