{"cameraMode":{"drawMode":0,"name":"Shaded","section":"Shading Mode"},"sceneLighting":true,"audioPlay":false,"sceneViewState":{"showFog":true,"showMaterialUpdate":false,"showSkybox":true,"showFlares":true,"showImageEffects":true,"showParticleSystems":true},"in2DMode":false,"pivot":{"x":0.8379297256469727,"y":1.5210082530975342,"z":-0.988123893737793},"rotation":{"x":0.06677204370498657,"y":-0.10695496946573258,"z":0.007199231535196304,"w":0.9919930696487427},"size":6.958361625671387,"orthographic":false}