{"cameraMode":{"drawMode":0,"name":"Shaded","section":"Shading Mode"},"sceneLighting":false,"audioPlay":false,"sceneViewState":{"showFog":true,"showMaterialUpdate":false,"showSkybox":false,"showFlares":true,"showImageEffects":true,"showParticleSystems":true},"in2DMode":false,"pivot":{"x":2.4351806640625,"y":1.4953442811965943,"z":-1.9567642211914063},"rotation":{"x":-0.002435714937746525,"y":0.9498335123062134,"z":0.007399477995932102,"w":0.31265905499458315},"size":7.696240425109863,"orthographic":false}