{"cameraMode":{"drawMode":0,"name":"Shaded","section":"Shading Mode"},"sceneLighting":false,"audioPlay":false,"sceneViewState":{"showFog":true,"showMaterialUpdate":false,"showSkybox":false,"showFlares":true,"showImageEffects":true,"showParticleSystems":true},"in2DMode":false,"pivot":{"x":1.3143134117126465,"y":0.8026202917098999,"z":-2.652585983276367},"rotation":{"x":-0.08040186017751694,"y":-0.13948039710521699,"z":-0.011363543570041657,"w":0.9868898987770081},"size":0.00005715767838410102,"orthographic":false}