{"cameraMode":{"drawMode":0,"name":"Shaded","section":"Shading Mode"},"sceneLighting":false,"audioPlay":false,"sceneViewState":{"showFog":true,"showMaterialUpdate":false,"showSkybox":false,"showFlares":true,"showImageEffects":true,"showParticleSystems":true,"showVisualEffectGraphs":true,"m_FxEnabled":true},"in2DMode":false,"pivot":{"x":-22.850000381469728,"y":10.369999885559082,"z":-23.889999389648439},"rotation":{"x":-0.14052972197532655,"y":0.06406482309103012,"z":-0.009367922320961953,"w":-0.9879747629165649},"size":1.0606601238250733,"orthographic":false}