{"cameraMode":{"drawMode":0,"name":"Shaded","section":"Shading Mode"},"sceneLighting":true,"audioPlay":false,"sceneViewState":{"showFog":true,"showMaterialUpdate":false,"showSkybox":true,"showFlares":true,"showImageEffects":true,"showParticleSystems":true},"in2DMode":false,"pivot":{"x":10.107954025268555,"y":4.658337593078613,"z":-4.412491798400879},"rotation":{"x":-0.22338548302650453,"y":0.19067403674125672,"z":-0.04460779204964638,"w":-0.9548572897911072},"size":4.286825656890869,"orthographic":false}