{"cameraMode":{"drawMode":0,"name":"Shaded","section":"Shading Mode"},"sceneLighting":true,"audioPlay":false,"sceneViewState":{"showFog":true,"showMaterialUpdate":false,"showSkybox":true,"showFlares":true,"showImageEffects":true,"showParticleSystems":true},"in2DMode":false,"pivot":{"x":9.568643569946289,"y":2.9779269695281984,"z":-5.176572322845459},"rotation":{"x":-0.10316489636898041,"y":0.4475650489330292,"z":-0.05206941440701485,"w":-0.886753261089325},"size":4.286825656890869,"orthographic":false}