{"cameraMode":{"drawMode":0,"name":"Shaded","section":"Shading Mode"},"sceneLighting":true,"audioPlay":false,"sceneViewState":{"showFog":true,"showMaterialUpdate":false,"showSkybox":true,"showFlares":true,"showImageEffects":true,"showParticleSystems":true},"in2DMode":false,"pivot":{"x":10.872865676879883,"y":9.08321475982666,"z":0.14082342386245728},"rotation":{"x":-0.2775285840034485,"y":0.5933127999305725,"z":-0.22863325476646424,"w":-0.7201976180076599},"size":4.286825656890869,"orthographic":false}