{"cameraMode":{"drawMode":0,"name":"Shaded","section":"Shading Mode"},"sceneLighting":false,"audioPlay":false,"sceneViewState":{"showFog":true,"showMaterialUpdate":false,"showSkybox":false,"showFlares":true,"showImageEffects":true,"showParticleSystems":true},"in2DMode":false,"pivot":{"x":8.940696716308594e-8,"y":0.0,"z":5.960464477539063e-8},"rotation":{"x":0.21495333313941956,"y":-0.48428282141685488,"z":0.1240779235959053,"w":0.8389695286750794},"size":1.5431007146835328,"orthographic":false}