{"cameraMode":{"drawMode":0,"name":"Shaded","section":"Shading Mode"},"sceneLighting":false,"audioPlay":false,"sceneViewState":{"showFog":true,"showMaterialUpdate":false,"showSkybox":false,"showFlares":true,"showImageEffects":true,"showParticleSystems":true},"in2DMode":false,"pivot":{"x":0.3311865031719208,"y":2.3422250747680666,"z":1.4379740953445435},"rotation":{"x":-0.008395852521061898,"y":0.021588917821645738,"z":-0.00018144013301935047,"w":-0.9997316598892212},"size":2.4539620876312258,"orthographic":false}