{"cameraMode":{"drawMode":0,"name":"Shaded","section":"Shading Mode"},"sceneLighting":false,"audioPlay":false,"sceneViewState":{"showFog":true,"showMaterialUpdate":false,"showSkybox":false,"showFlares":true,"showImageEffects":true,"showParticleSystems":true},"in2DMode":false,"pivot":{"x":3.7278201580047609,"y":0.17942118644714356,"z":27.296571731567384},"rotation":{"x":-0.09523085504770279,"y":0.021492721512913705,"z":-0.002056599361822009,"w":-0.9952210783958435},"size":18.576244354248048,"orthographic":false}