{"cameraMode":{"drawMode":0,"name":"Shaded","section":"Shading Mode"},"sceneLighting":true,"audioPlay":false,"sceneViewState":{"showFog":true,"showMaterialUpdate":false,"showSkybox":true,"showFlares":true,"showImageEffects":true,"showParticleSystems":true},"in2DMode":false,"pivot":{"x":8.70663070678711,"y":9.79080581665039,"z":-21.376110076904298},"rotation":{"x":0.0441918782889843,"y":-0.09277494251728058,"z":0.004121318459510803,"w":0.9946974515914917},"size":26.865867614746095,"orthographic":false}