{"cameraMode":{"drawMode":0,"name":"Shaded","section":"Shading Mode"},"sceneLighting":true,"audioPlay":false,"sceneViewState":{"showFog":true,"showMaterialUpdate":false,"showSkybox":true,"showFlares":true,"showImageEffects":true,"showParticleSystems":true},"in2DMode":false,"pivot":{"x":-4.622621059417725,"y":2.399099349975586,"z":10.681586265563965},"rotation":{"x":0.6086232662200928,"y":0.0012055072002112866,"z":-0.0009249564609490335,"w":0.7934579849243164},"size":18.720645904541017,"orthographic":false}